{
	"class_name" : "PinholeCameraParameters",
	"extrinsic" : 
	[
		0.9532750658193665,
		-0.11562176433452685,
		0.27910259135173549,
		0.0,
		-0.081070797014137219,
		-0.98788268376491961,
		-0.13234549100333035,
		0.0,
		0.29102263616182039,
		0.1035345871174999,
		-0.95109747897459684,
		0.0,
		-0.54671664533451336,
		0.46998583466151478,
		1.6632216771704171,
		1.0
	],
	"intrinsic" : 
	{
		"height" : 720,
		"intrinsic_matrix" : 
		[
			623.53829072479584,
			0.0,
			0.0,
			0.0,
			623.53829072479584,
			0.0,
			639.5,
			359.5,
			1.0
		],
		"width" : 1280
	},
	"version_major" : 1,
	"version_minor" : 0
}