{
    "mean": {
        "surface_area": 1.6369412244295067,
        "hull_volume": 0.1166257033329779,
        "obb_volume": 0.2600790924033875,
        "compactness": 0.06317456211874965,
        "diameter": 1.185091503684899,
        "eccentricity": 66.97188444987859,
        "rectangularity": 0.4580700472281002
    },
    "std": {
        "surface_area": 1.4012697858094485,
        "hull_volume": 0.10507147894757354,
        "obb_volume": 0.23258925519813797,
        "compactness": 0.06492004116290898,
        "diameter": 0.13184873078892212,
        "eccentricity": 145.7162149509924,
        "rectangularity": 0.1356713814846764
    }
}