{
    "mean": {
        "surface_area": 36.23780132270784,
        "volume": 0.0706464766852578,
        "compactness": 0.1181503164601183,
        "diameter": 2.168430684964934,
        "convexity": 0.3672291793394628,
        "eccentricity": 68.69549114739371,
        "rectangularity": 0.19124371958193245,
        "a3_0": 0.21020614176399519,
        "a3_1": 0.17131735803463552,
        "a3_2": 0.13907525171163915,
        "a3_3": 0.11914136125654451,
        "a3_4": 0.10838703181635119,
        "a3_5": 0.08339951671365284,
        "a3_6": 0.0586710229561015,
        "a3_7": 0.047885219492549334,
        "a3_8": 0.03846596858638744,
        "a3_9": 0.0206008860249698,
        "d1_0": 0.07746086029211743,
        "d1_1": 0.1824805227127516,
        "d1_2": 0.18494003778054066,
        "d1_3": 0.16151872158723599,
        "d1_4": 0.1291598816718201,
        "d1_5": 0.08398590017588348,
        "d1_6": 0.05487861190180925,
        "d1_7": 0.03827595708121817,
        "d1_8": 0.03289676127236312,
        "d1_9": 0.025768637950182447,
        "d2_0": 0.1123840687164522,
        "d2_1": 0.13372485102308174,
        "d2_2": 0.13322410872353707,
        "d2_3": 0.12611264930705854,
        "d2_4": 0.11456241452331731,
        "d2_5": 0.09956046906448097,
        "d2_6": 0.08391410507729655,
        "d2_7": 0.07095709098768324,
        "d2_8": 0.06126089825609388,
        "d2_9": 0.04891653424762868,
        "d3_0": 0.131362847362062,
        "d3_1": 0.2136604309303262,
        "d3_2": 0.19554289166331051,
        "d3_3": 0.15728674989931535,
        "d3_4": 0.11644019331453885,
        "d3_5": 0.0804892670157068,
        "d3_6": 0.05105396697543295,
        "d3_7": 0.028518727345952483,
        "d3_8": 0.013893274265002014,
        "d3_9": 0.0059617398308497785,
        "d4_0": 0.06027265404752316,
        "d4_1": 0.14506967378171567,
        "d4_2": 0.18489448248086993,
        "d4_3": 0.18116230366492148,
        "d4_4": 0.15206927104309304,
        "d4_5": 0.11577239226741845,
        "d4_6": 0.07885018123238019,
        "d4_7": 0.04733105114780508,
        "d4_8": 0.020698348771647203,
        "d4_9": 0.006791381393475634
    },
    "std": {
        "surface_area": 156.46421571940692,
        "volume": 0.0032780558561369727,
        "compactness": 0.008587637298342181,
        "diameter": 2.85904981886291,
        "convexity": 0.009018172121923884,
        "eccentricity": 153.7795698100199,
        "rectangularity": 0.0031399985101971074,
        "a3_0": 0.07497313847158629,
        "a3_1": 0.031444859338771024,
        "a3_2": 0.04254992515656215,
        "a3_3": 0.03686135675960838,
        "a3_4": 0.029597154664465077,
        "a3_5": 0.018882388430398443,
        "a3_6": 0.011772060104939133,
        "a3_7": 0.013955672421270328,
        "a3_8": 0.019589891512060264,
        "a3_9": 0.01779022581614245,
        "d1_0": 0.12594790449206572,
        "d1_1": 0.16747389314557545,
        "d1_2": 0.13724374672981215,
        "d1_3": 0.12430670022979617,
        "d1_4": 0.10974695966646437,
        "d1_5": 0.09270911601842528,
        "d1_6": 0.07772861716182207,
        "d1_7": 0.06554400578273345,
        "d1_8": 0.06487240806503802,
        "d1_9": 0.060249626297374785,
        "d2_0": 0.09790203627844947,
        "d2_1": 0.08154450384959896,
        "d2_2": 0.06670904347817375,
        "d2_3": 0.05836046140713128,
        "d2_4": 0.05329016088907439,
        "d2_5": 0.049427877684511415,
        "d2_6": 0.05024689765020689,
        "d2_7": 0.0520735167630724,
        "d2_8": 0.054347735795298655,
        "d2_9": 0.05644579958450361,
        "d3_0": 0.12060624679001501,
        "d3_1": 0.08117502317539395,
        "d3_2": 0.05102757222651234,
        "d3_3": 0.051775895664936594,
        "d3_4": 0.05257201755781873,
        "d3_5": 0.04640416710820735,
        "d3_6": 0.03534599768213602,
        "d3_7": 0.023204082478429495,
        "d3_8": 0.0133469284355038,
        "d3_9": 0.00551794980567872,
        "d4_0": 0.06265099862098784,
        "d4_1": 0.06967843992589062,
        "d4_2": 0.05015313517551135,
        "d4_3": 0.04237174605403489,
        "d4_4": 0.0437098709036761,
        "d4_5": 0.04482498702870152,
        "d4_6": 0.040346965510105824,
        "d4_7": 0.0320836429261889,
        "d4_8": 0.016554394301238808,
        "d4_9": 0.005363797212102878
    }
}