{
    "mean": {
        "surface_area": 36.23780132270784,
        "volume": 0.0706464766852578,
        "compactness": 0.1181503164601183,
        "diameter": 2.168430684964934,
        "convexity": 0.3672291793394628,
        "eccentricity": 68.69549114739371,
        "rectangularity": 0.19124371958193245
    },
    "std": {
        "surface_area": 156.46421571940692,
        "volume": 0.0032780558561369727,
        "compactness": 0.008587637298342181,
        "diameter": 2.85904981886291,
        "convexity": 0.009018172121923884,
        "eccentricity": 153.7795698100199,
        "rectangularity": 0.0031399985101971074
    }
}